<?xml version="1.0" encoding="UTF-8"?>
<project-private xmlns="http://www.netbeans.org/ns/project-private/1">
    <editor-bookmarks xmlns="http://www.netbeans.org/ns/editor-bookmarks/2" lastBookmarkId="0"/>
    <open-files xmlns="http://www.netbeans.org/ns/projectui-open-files/2">
        <group>
            <file>file:/H:/Code/Vi%20xu%20li/FINAL_VXL.X/mcc_generated_files/pwm3.c</file>
            <file>file:/H:/Code/Vi%20xu%20li/FINAL_VXL.X/code.txt</file>
            <file>file:/H:/Code/Vi%20xu%20li/FINAL_VXL.X/main.c</file>
        </group>
    </open-files>
</project-private>
